{"1": 7.417511619982479, "2": 5.775451730070202, "3": 3.8967706421793804, "4": 4.324856271457151, "5": 3.3703781187766437}