{"1": 7.115902583402754, "2": 4.91944630049015, "3": 4.799864894508921, "4": 4.378837762607824, "5": 3.4176653232649405}